x,random+software,random+universal,bmc+formal,bmc+universal
1,,0.002462638,,0.024583348
2,,0.0033497216999999998,,0.04707370500000001
3,,0.004546155299999999,,0.8304013229999999
4,,0.0054178993,,
5,,0.0087747472,,
6,,0.011225534099999998,,
7,,0.0171600796,,
8,,0.028527147699999998,,
9,,0.05078225670000001,,
10,,0.0863343081,,
11,,0.1549670707,,
12,,0.2857196714,,
